onnx,vnnlib,strategy,mask,n_splits,original_r,original_t,0.001_r,0.001_t,0.01_r,0.01_t,0.1_r,0.1_t,0.2_r,0.2_t,0.4_r,0.4_t,0.8_r,0.8_t,1.0_r,1.0_t,2.0_r,2.0_t,4.0_r,4.0_t,8.0_r,8.0_t
ACASXU_run2a_1_1_batch_2000_converted,prop_1,random,stable,32,unsat,2.3582065105438232,unsat,2.4365572929382324,unsat,2.4581844806671143,unsat,2.458289384841919,unsat,2.449000597000122,unsat,2.460526943206787,unsat,2.465578079223633,unsat,2.4439916610717773,unsat,2.4509780406951904,unsat,2.4440691471099854,unsat,2.4416773319244385
ACASXU_run2a_1_2_batch_2000_converted,prop_1,random,stable,24,unsat,2.30904221534729,unsat,2.3985049724578857,unsat,2.438129425048828,unsat,2.3869094848632812,unsat,2.410419464111328,unsat,2.4101431369781494,unsat,2.4104480743408203,unsat,2.4046177864074707,unsat,2.414231538772583,unsat,2.419182300567627,unsat,2.406379222869873
ACASXU_run2a_1_3_batch_2000_converted,prop_1,random,stable,23,unsat,2.3736112117767334,unsat,2.536125659942627,unsat,2.5167150497436523,unsat,2.4643571376800537,unsat,2.513658046722412,unsat,2.539217948913574,unsat,2.511932373046875,unsat,2.5018296241760254,unsat,2.515235662460327,unsat,2.5372486114501953,unsat,2.5170955657958984
ACASXU_run2a_1_4_batch_2000_converted,prop_1,random,stable,26,unsat,2.3715643882751465,unsat,2.489513397216797,unsat,2.4591290950775146,unsat,2.415165424346924,unsat,2.4686856269836426,unsat,2.463042974472046,unsat,2.462761878967285,unsat,2.496464729309082,unsat,2.4602906703948975,unsat,2.4834744930267334,unsat,2.4675064086914062
ACASXU_run2a_1_5_batch_2000_converted,prop_1,random,stable,28,unsat,2.2387712001800537,unsat,2.400001287460327,unsat,2.392226457595825,unsat,2.3381235599517822,unsat,2.379798650741577,unsat,2.390047788619995,unsat,2.407508611679077,unsat,2.409613609313965,unsat,2.413804054260254,unsat,2.4013125896453857,unsat,2.412604808807373
ACASXU_run2a_1_6_batch_2000_converted,prop_1,random,stable,24,unsat,2.3364064693450928,unsat,2.4164867401123047,unsat,2.405958652496338,unsat,2.424760103225708,unsat,2.3893234729766846,unsat,2.4469120502471924,unsat,2.4168310165405273,unsat,2.4137909412384033,unsat,2.4148521423339844,unsat,2.404688596725464,unsat,2.421869993209839
ACASXU_run2a_1_7_batch_2000_converted,prop_1,random,stable,27,unsat,2.2969722747802734,unsat,2.335598945617676,unsat,2.3761909008026123,unsat,2.3448586463928223,unsat,2.3438847064971924,unsat,2.2933406829833984,unsat,2.3513479232788086,unsat,2.3362996578216553,unsat,2.3368113040924072,unsat,2.3535313606262207,unsat,2.3577640056610107
ACASXU_run2a_1_8_batch_2000_converted,prop_1,random,stable,29,unsat,2.239405393600464,unsat,2.29373836517334,unsat,2.3031044006347656,unsat,2.335038185119629,unsat,2.314918279647827,unsat,2.314709186553955,unsat,2.285008192062378,unsat,2.320114850997925,unsat,2.3017518520355225,unsat,2.243300437927246,unsat,2.3126347064971924
ACASXU_run2a_1_9_batch_2000_converted,prop_1,random,stable,25,unsat,2.194766044616699,unsat,2.2351365089416504,unsat,2.248824119567871,unsat,2.2571685314178467,unsat,2.249250650405884,unsat,2.2404563426971436,unsat,2.2559328079223633,unsat,2.2419557571411133,unsat,2.2307307720184326,unsat,2.1893765926361084,unsat,2.1699671745300293
ACASXU_run2a_2_1_batch_2000_converted,prop_1,random,stable,25,unsat,2.3765878677368164,unsat,2.4133472442626953,unsat,2.408917188644409,unsat,2.4487946033477783,unsat,2.4194533824920654,unsat,2.4071154594421387,unsat,2.405055284500122,unsat,2.428076982498169,unsat,2.438793659210205,unsat,2.4348647594451904,unsat,2.356485366821289
ACASXU_run2a_2_2_batch_2000_converted,prop_1,random,stable,23,unsat,2.3822200298309326,unsat,2.5687224864959717,unsat,2.5341975688934326,unsat,2.526341676712036,unsat,2.4704155921936035,unsat,2.471296548843384,unsat,2.518791913986206,unsat,2.4981212615966797,unsat,2.517960786819458,unsat,2.52363920211792,unsat,2.5162055492401123
ACASXU_run2a_2_3_batch_2000_converted,prop_1,random,stable,29,unsat,2.3917436599731445,unsat,2.482023000717163,unsat,2.4674072265625,unsat,2.4589598178863525,unsat,2.439966917037964,unsat,2.4450416564941406,unsat,2.43961238861084,unsat,2.4525959491729736,unsat,2.4810738563537598,unsat,2.3913521766662598,unsat,2.463009834289551
ACASXU_run2a_2_4_batch_2000_converted,prop_1,random,stable,30,unsat,2.3836958408355713,unsat,2.456470489501953,unsat,2.4797372817993164,unsat,2.4594295024871826,unsat,2.456355333328247,unsat,2.492169141769409,unsat,2.4642226696014404,unsat,2.398472309112549,unsat,2.462165117263794,unsat,2.3784306049346924,unsat,2.465197801589966
ACASXU_run2a_2_5_batch_2000_converted,prop_1,random,stable,23,unsat,2.643659830093384,unsat,2.754533290863037,unsat,2.747920274734497,unsat,2.781005620956421,unsat,2.7644400596618652,unsat,2.7857983112335205,unsat,2.7572081089019775,unsat,2.759103536605835,unsat,2.742530584335327,unsat,2.7417075634002686,unsat,2.7479467391967773
ACASXU_run2a_2_6_batch_2000_converted,prop_1,random,stable,19,unsat,2.474349021911621,unsat,2.572870969772339,unsat,2.5619254112243652,unsat,2.515543222427368,unsat,2.5815787315368652,unsat,2.548917055130005,unsat,2.568808078765869,unsat,2.5596470832824707,unsat,2.551839828491211,unsat,2.5935609340667725,unsat,2.5569393634796143
ACASXU_run2a_2_7_batch_2000_converted,prop_1,random,stable,15,unsat,2.6880433559417725,unsat,2.90478253364563,unsat,2.9069416522979736,unsat,2.8784422874450684,unsat,2.8848958015441895,unsat,2.8818094730377197,unsat,2.873530387878418,unsat,2.918494939804077,unsat,2.8862524032592773,unsat,2.8863909244537354,unsat,2.896502733230591
ACASXU_run2a_2_8_batch_2000_converted,prop_1,random,stable,13,unsat,2.793593406677246,unsat,2.868546962738037,unsat,2.8993685245513916,unsat,2.894304037094116,unsat,2.8812568187713623,unsat,2.891780376434326,unsat,2.891418218612671,unsat,2.8961620330810547,unsat,2.8373098373413086,unsat,2.8716323375701904,unsat,2.895587921142578
ACASXU_run2a_2_9_batch_2000_converted,prop_1,random,stable,11,unsat,2.8609230518341064,unsat,3.024170160293579,unsat,3.009707450866699,unsat,2.9310948848724365,unsat,3.0278842449188232,unsat,3.0090274810791016,unsat,3.0067992210388184,unsat,3.029064655303955,unsat,3.0098917484283447,unsat,3.027351140975952,unsat,3.0331668853759766
ACASXU_run2a_3_1_batch_2000_converted,prop_1,random,stable,32,unsat,2.3944754600524902,unsat,2.466477632522583,unsat,2.4734156131744385,unsat,2.474260091781616,unsat,2.490433931350708,unsat,2.4936511516571045,unsat,2.503225564956665,unsat,2.472543239593506,unsat,2.467885971069336,unsat,2.465772867202759,unsat,2.471060276031494
ACASXU_run2a_3_2_batch_2000_converted,prop_1,random,stable,27,unsat,2.4564876556396484,unsat,2.523970365524292,unsat,2.542010545730591,unsat,2.510939836502075,unsat,2.5212745666503906,unsat,2.523940324783325,unsat,2.537571907043457,unsat,2.4923861026763916,unsat,2.5244688987731934,unsat,2.519366502761841,unsat,2.5232279300689697
ACASXU_run2a_3_3_batch_2000_converted,prop_1,random,stable,28,unsat,2.384261131286621,unsat,2.4575185775756836,unsat,2.4909541606903076,unsat,2.4604430198669434,unsat,2.4367547035217285,unsat,2.4556424617767334,unsat,2.472762107849121,unsat,2.3939075469970703,unsat,2.476088047027588,unsat,2.4578628540039062,unsat,2.4482109546661377
ACASXU_run2a_3_4_batch_2000_converted,prop_1,random,stable,28,unsat,2.3749523162841797,unsat,2.434575319290161,unsat,2.4668262004852295,unsat,2.4648444652557373,unsat,2.5101394653320312,unsat,2.487265110015869,unsat,2.4960596561431885,unsat,2.4502170085906982,unsat,2.494168281555176,unsat,2.4968955516815186,unsat,2.4617507457733154
ACASXU_run2a_3_5_batch_2000_converted,prop_1,random,stable,26,unsat,2.4743409156799316,unsat,2.6338536739349365,unsat,2.631099224090576,unsat,2.6353025436401367,unsat,2.629020929336548,unsat,2.644958734512329,unsat,2.674217939376831,unsat,2.6307952404022217,unsat,2.6318180561065674,unsat,2.6290767192840576,unsat,2.628844738006592
ACASXU_run2a_3_6_batch_2000_converted,prop_1,random,stable,25,unsat,2.577632427215576,unsat,2.764039993286133,unsat,2.740614414215088,unsat,2.785062074661255,unsat,2.76198410987854,unsat,2.7574303150177,unsat,2.7605090141296387,unsat,2.7548253536224365,unsat,2.6819028854370117,unsat,2.745944023132324,unsat,2.6937732696533203
ACASXU_run2a_3_7_batch_2000_converted,prop_1,random,stable,13,unsat,2.6642913818359375,unsat,2.7950849533081055,unsat,2.7873260974884033,unsat,2.7283496856689453,unsat,2.7919816970825195,unsat,2.784956693649292,unsat,2.80777907371521,unsat,2.8127284049987793,unsat,2.777284860610962,unsat,2.7164363861083984,unsat,2.782788038253784
ACASXU_run2a_3_8_batch_2000_converted,prop_1,random,stable,17,unsat,2.661698341369629,unsat,2.723759651184082,unsat,2.801462173461914,unsat,2.7944347858428955,unsat,2.8141555786132812,unsat,2.788391590118408,unsat,2.8056530952453613,unsat,2.79565167427063,unsat,2.7977325916290283,unsat,2.7886226177215576,unsat,2.8403592109680176
ACASXU_run2a_3_9_batch_2000_converted,prop_1,random,stable,14,unsat,3.1527769565582275,unsat,3.3881940841674805,unsat,3.330388307571411,unsat,3.406001329421997,unsat,3.381070852279663,unsat,3.3248848915100098,unsat,3.400033712387085,unsat,3.396578073501587,unsat,3.3778023719787598,unsat,3.396930456161499,unsat,3.3847665786743164
ACASXU_run2a_4_1_batch_2000_converted,prop_1,random,stable,29,unsat,2.4978725910186768,unsat,2.583096742630005,unsat,2.557082176208496,unsat,2.577122688293457,unsat,2.575115203857422,unsat,2.5681140422821045,unsat,2.58695650100708,unsat,2.58251953125,unsat,2.593799591064453,unsat,2.610177755355835,unsat,2.5773019790649414
ACASXU_run2a_4_2_batch_2000_converted,prop_1,random,stable,26,unsat,2.3614213466644287,unsat,2.426215648651123,unsat,2.4113500118255615,unsat,2.4280412197113037,unsat,2.439626932144165,unsat,2.435408592224121,unsat,2.4109973907470703,unsat,2.414027214050293,unsat,2.4241113662719727,unsat,2.4461264610290527,unsat,2.4356276988983154
ACASXU_run2a_4_3_batch_2000_converted,prop_1,random,stable,26,unsat,2.3868868350982666,unsat,2.4639244079589844,unsat,2.545912504196167,unsat,2.5295329093933105,unsat,2.5391414165496826,unsat,2.5276050567626953,unsat,2.5495026111602783,unsat,2.533130407333374,unsat,2.515171527862549,unsat,2.517947196960449,unsat,2.5049068927764893
ACASXU_run2a_4_4_batch_2000_converted,prop_1,random,stable,30,unsat,2.3934760093688965,unsat,2.5811736583709717,unsat,2.532782793045044,unsat,2.53029727935791,unsat,2.512558937072754,unsat,2.535353899002075,unsat,2.528779983520508,unsat,2.522522449493408,unsat,2.5486960411071777,unsat,2.525656223297119,unsat,2.5186703205108643
ACASXU_run2a_4_5_batch_2000_converted,prop_1,random,stable,25,unsat,2.473172903060913,unsat,2.529099941253662,unsat,2.5735950469970703,unsat,2.5939629077911377,unsat,2.590637683868408,unsat,2.5957772731781006,unsat,2.6186442375183105,unsat,2.5919954776763916,unsat,2.5904433727264404,unsat,2.591702938079834,unsat,2.5999464988708496
ACASXU_run2a_4_6_batch_2000_converted,prop_1,random,stable,17,unsat,2.779527425765991,unsat,2.922745704650879,unsat,2.9248971939086914,unsat,2.9104549884796143,unsat,2.9226443767547607,unsat,2.940295457839966,unsat,2.918588161468506,unsat,2.913032293319702,unsat,2.9057724475860596,unsat,2.926422119140625,unsat,2.9292056560516357
ACASXU_run2a_4_7_batch_2000_converted,prop_1,random,stable,17,unsat,2.908411741256714,unsat,3.038403272628784,unsat,3.0939252376556396,unsat,3.0787880420684814,unsat,3.0872507095336914,unsat,3.1079306602478027,unsat,3.0685572624206543,unsat,3.027669906616211,unsat,3.075193166732788,unsat,3.0673441886901855,unsat,3.074591636657715
ACASXU_run2a_4_8_batch_2000_converted,prop_1,random,stable,16,unsat,2.815419912338257,unsat,2.985307455062866,unsat,2.950622081756592,unsat,2.9655380249023438,unsat,2.9392552375793457,unsat,2.9878952503204346,unsat,2.9716498851776123,unsat,2.9695234298706055,unsat,2.9562184810638428,unsat,2.9644081592559814,unsat,2.9382708072662354
ACASXU_run2a_4_9_batch_2000_converted,prop_1,random,stable,11,unsat,2.970216989517212,unsat,3.1367335319519043,unsat,3.1371026039123535,unsat,3.121633529663086,unsat,3.1422598361968994,unsat,3.1355299949645996,unsat,3.140352487564087,unsat,3.119842290878296,unsat,3.114152431488037,unsat,3.152470111846924,unsat,3.1232388019561768
ACASXU_run2a_5_1_batch_2000_converted,prop_1,random,stable,32,unsat,2.394256353378296,unsat,2.477365493774414,unsat,2.5053114891052246,unsat,2.4752135276794434,unsat,2.495016098022461,unsat,2.475534677505493,unsat,2.4543724060058594,unsat,2.5073719024658203,unsat,2.4606316089630127,unsat,2.4929866790771484,unsat,2.4818365573883057
ACASXU_run2a_5_2_batch_2000_converted,prop_1,random,stable,33,unsat,2.3971004486083984,unsat,2.4128358364105225,unsat,2.485858917236328,unsat,2.483386993408203,unsat,2.4564144611358643,unsat,2.516206979751587,unsat,2.5119285583496094,unsat,2.491246223449707,unsat,2.481231927871704,unsat,2.475522041320801,unsat,2.486039400100708
ACASXU_run2a_5_3_batch_2000_converted,prop_1,random,stable,20,unsat,2.376599073410034,unsat,2.4784538745880127,unsat,2.4691176414489746,unsat,2.4777743816375732,unsat,2.472971200942993,unsat,2.4802606105804443,unsat,2.4801368713378906,unsat,2.5041399002075195,unsat,2.4633936882019043,unsat,2.473816156387329,unsat,2.476949691772461
ACASXU_run2a_5_4_batch_2000_converted,prop_1,random,stable,33,unsat,2.3610267639160156,unsat,2.4117484092712402,unsat,2.420994520187378,unsat,2.36501145362854,unsat,2.416806697845459,unsat,2.4601268768310547,unsat,2.422045946121216,unsat,2.417619228363037,unsat,2.4170615673065186,unsat,2.4220426082611084,unsat,2.4174270629882812
ACASXU_run2a_5_5_batch_2000_converted,prop_1,random,stable,25,unsat,2.5185482501983643,unsat,2.585966110229492,unsat,2.5831072330474854,unsat,2.616065502166748,unsat,2.5799248218536377,unsat,2.55324649810791,unsat,2.5868425369262695,unsat,2.599558115005493,unsat,2.602041006088257,unsat,2.638498544692993,unsat,2.588279962539673
ACASXU_run2a_5_6_batch_2000_converted,prop_1,random,stable,14,unsat,2.6286513805389404,unsat,2.752624988555908,unsat,2.7414748668670654,unsat,2.753178358078003,unsat,2.737199544906616,unsat,2.6751303672790527,unsat,2.7432515621185303,unsat,2.7555012702941895,unsat,2.768267869949341,unsat,2.7416396141052246,unsat,2.74495267868042
ACASXU_run2a_5_7_batch_2000_converted,prop_1,random,stable,12,unsat,2.636528730392456,unsat,2.777390956878662,unsat,2.7712936401367188,unsat,2.729508399963379,unsat,2.7445075511932373,unsat,2.74124813079834,unsat,2.7414848804473877,unsat,2.7406365871429443,unsat,2.7484915256500244,unsat,2.7505698204040527,unsat,2.7602105140686035
ACASXU_run2a_5_8_batch_2000_converted,prop_1,random,stable,16,unsat,2.8532235622406006,unsat,3.0141565799713135,unsat,3.0342204570770264,unsat,3.023630380630493,unsat,3.031602144241333,unsat,2.9953761100769043,unsat,3.034578800201416,unsat,2.970396041870117,unsat,3.0321202278137207,unsat,3.0291404724121094,unsat,3.0115857124328613
ACASXU_run2a_5_9_batch_2000_converted,prop_1,random,stable,15,unsat,2.6526448726654053,unsat,2.7675628662109375,unsat,2.7467353343963623,unsat,2.74031925201416,unsat,2.7427186965942383,unsat,2.781146287918091,unsat,2.7857308387756348,unsat,2.74526309967041,unsat,2.6890571117401123,unsat,2.7561354637145996,unsat,2.7386934757232666
ACASXU_run2a_1_1_batch_2000_converted,prop_2,random,stable,32,unsat,3.6755335330963135,unsat,3.9979639053344727,unsat,3.9875597953796387,unsat,3.9681236743927,unsat,3.9593734741210938,unsat,3.8873953819274902,unsat,3.955746650695801,unsat,3.9697182178497314,unsat,3.952157735824585,unsat,3.9071311950683594,unsat,3.9508438110351562
ACASXU_run2a_1_2_batch_2000_converted,prop_2,random,stable,24,sat,2.0238945484161377,sat,2.039987087249756,sat,2.059333562850952,sat,2.079648733139038,sat,2.045166254043579,sat,2.0429811477661133,sat,2.0408105850219727,sat,2.052345037460327,sat,2.051534414291382,sat,2.0704152584075928,sat,2.065910577774048
ACASXU_run2a_1_3_batch_2000_converted,prop_2,random,stable,23,sat,2.1011836528778076,sat,2.3352715969085693,sat,2.3307993412017822,sat,2.3132591247558594,sat,2.3345911502838135,sat,2.3200173377990723,sat,2.3326327800750732,sat,2.359215497970581,sat,2.3344380855560303,sat,2.332990884780884,sat,2.3327810764312744
ACASXU_run2a_1_4_batch_2000_converted,prop_2,random,stable,26,sat,0.4860842227935791,sat,0.47286057472229004,sat,0.480316162109375,sat,0.46486639976501465,sat,0.49639463424682617,sat,0.48342132568359375,sat,0.4847445487976074,sat,0.46616196632385254,sat,0.4967634677886963,sat,0.48698878288269043,sat,0.46793341636657715
ACASXU_run2a_1_5_batch_2000_converted,prop_2,random,stable,28,sat,4.7424023151397705,sat,30.30524492263794,sat,5.0839622020721436,sat,28.72750163078308,sat,29.452781438827515,sat,29.541041135787964,sat,29.738272428512573,sat,30.37008047103882,sat,29.577839136123657,sat,29.617441654205322,sat,29.57678985595703
ACASXU_run2a_1_6_batch_2000_converted,prop_2,random,stable,24,sat,0.4741232395172119,sat,0.474351167678833,sat,0.5051968097686768,sat,0.4951293468475342,sat,0.48465633392333984,sat,0.4983522891998291,sat,0.504176139831543,sat,0.4807548522949219,sat,0.47669005393981934,sat,0.504309892654419,sat,0.4695284366607666
ACASXU_run2a_1_7_batch_2000_converted,prop_2,random,stable,27,unsat,2.649815559387207,unsat,2.7915186882019043,unsat,2.769979476928711,unsat,2.801994562149048,unsat,2.7253453731536865,unsat,2.7020092010498047,unsat,2.7794668674468994,unsat,2.771282911300659,unsat,2.767462730407715,unsat,2.7633659839630127,unsat,2.7893762588500977
ACASXU_run2a_1_8_batch_2000_converted,prop_2,random,stable,29,unsat,2.618710994720459,unsat,2.910123586654663,unsat,2.8909053802490234,unsat,2.897765874862671,unsat,2.890810489654541,unsat,2.9089972972869873,unsat,2.8837671279907227,unsat,2.9196462631225586,unsat,2.890906810760498,unsat,2.890749216079712,unsat,2.8985745906829834
ACASXU_run2a_1_9_batch_2000_converted,prop_2,random,stable,25,unsat,2.7725398540496826,unsat,2.9932894706726074,unsat,2.993616819381714,unsat,3.0037214756011963,unsat,2.989729404449463,unsat,3.0162763595581055,unsat,2.9284417629241943,unsat,3.029398202896118,unsat,2.9976682662963867,unsat,3.036024808883667,unsat,2.9923391342163086
ACASXU_run2a_2_1_batch_2000_converted,prop_2,random,stable,25,sat,0.45752525329589844,sat,0.4660344123840332,sat,0.47960758209228516,sat,0.46303701400756836,sat,0.5028591156005859,sat,0.48763608932495117,sat,0.5002429485321045,sat,0.4894289970397949,sat,0.4609227180480957,sat,0.48563241958618164,sat,0.48940539360046387
ACASXU_run2a_2_2_batch_2000_converted,prop_2,random,stable,23,sat,0.48142361640930176,sat,0.4825007915496826,sat,0.4755241870880127,sat,0.46965909004211426,sat,0.48664402961730957,sat,0.4829442501068115,sat,0.47047877311706543,sat,0.4803659915924072,sat,0.49294257164001465,sat,0.5008976459503174,sat,0.47068285942077637
ACASXU_run2a_2_3_batch_2000_converted,prop_2,random,stable,29,sat,0.4365527629852295,sat,0.47728586196899414,sat,0.4493134021759033,sat,0.46313977241516113,sat,0.46817636489868164,sat,0.4533412456512451,sat,0.4533064365386963,sat,0.46317243576049805,sat,0.4806845188140869,sat,0.44984006881713867,sat,0.439469575881958
ACASXU_run2a_2_4_batch_2000_converted,prop_2,random,stable,30,sat,0.4827711582183838,sat,0.47303271293640137,sat,0.47763776779174805,sat,0.49300074577331543,sat,0.47455549240112305,sat,0.4911015033721924,sat,0.48131513595581055,sat,0.5004189014434814,sat,0.5004622936248779,sat,0.4910273551940918,sat,0.48104357719421387
ACASXU_run2a_2_5_batch_2000_converted,prop_2,random,stable,23,sat,0.4770960807800293,sat,0.46273231506347656,sat,0.44057679176330566,sat,0.4698605537414551,sat,0.4541769027709961,sat,0.457045316696167,sat,0.4665241241455078,sat,0.45690274238586426,sat,0.44712209701538086,sat,0.46418023109436035,sat,0.45121145248413086
ACASXU_run2a_2_6_batch_2000_converted,prop_2,random,stable,19,sat,0.4614830017089844,sat,0.43581557273864746,sat,0.45133543014526367,sat,0.4454195499420166,sat,0.4662148952484131,sat,0.44107818603515625,sat,0.4659099578857422,sat,0.4538419246673584,sat,0.46555471420288086,sat,0.4515869617462158,sat,0.46643924713134766
ACASXU_run2a_2_7_batch_2000_converted,prop_2,random,stable,15,sat,0.4542381763458252,sat,0.4416542053222656,sat,0.45969414710998535,sat,0.43976855278015137,sat,0.4522230625152588,sat,0.43385887145996094,sat,0.4712331295013428,sat,0.47231435775756836,sat,0.43007421493530273,sat,0.4562947750091553,sat,0.4452507495880127
ACASXU_run2a_2_8_batch_2000_converted,prop_2,random,stable,13,sat,0.4530479907989502,sat,0.47275614738464355,sat,0.43014979362487793,sat,0.4315624237060547,sat,0.4319801330566406,sat,0.44808006286621094,sat,0.4498727321624756,sat,0.45658087730407715,sat,0.4409475326538086,sat,0.4380495548248291,sat,0.4672813415527344
ACASXU_run2a_2_9_batch_2000_converted,prop_2,random,stable,11,sat,0.4735250473022461,sat,0.48275089263916016,sat,0.4535696506500244,sat,0.4753713607788086,sat,0.46006035804748535,sat,0.4671475887298584,sat,0.492581844329834,sat,0.4743616580963135,sat,0.46918487548828125,sat,0.4895048141479492,sat,0.48201704025268555
ACASXU_run2a_3_1_batch_2000_converted,prop_2,random,stable,32,sat,0.4668705463409424,sat,0.4520530700683594,sat,0.478442907333374,sat,0.45136284828186035,sat,0.45642971992492676,sat,0.46380043029785156,sat,0.43104052543640137,sat,0.4639308452606201,sat,0.4512779712677002,sat,0.4505596160888672,sat,0.4464573860168457
ACASXU_run2a_3_2_batch_2000_converted,prop_2,random,stable,27,sat,0.46006083488464355,sat,0.5024244785308838,sat,0.46726489067077637,sat,0.48439741134643555,sat,0.4790050983428955,sat,0.4886026382446289,sat,0.47991085052490234,sat,0.46688079833984375,sat,0.4891390800476074,sat,0.4740748405456543,sat,0.47220706939697266
ACASXU_run2a_3_3_batch_2000_converted,prop_2,random,stable,28,unsat,59.29469656944275,unsat,70.41979265213013,unsat,70.50141429901123,unsat,70.53797793388367,unsat,70.45061659812927,unsat,70.10504817962646,unsat,70.29983019828796,unsat,70.61213183403015,unsat,70.7177574634552,unsat,70.73515915870667,unsat,70.24018025398254
ACASXU_run2a_3_4_batch_2000_converted,prop_2,random,stable,28,sat,0.46218371391296387,sat,0.4527437686920166,sat,0.4591386318206787,sat,0.4631068706512451,sat,0.45325160026550293,sat,0.45855069160461426,sat,0.4674861431121826,sat,0.46447086334228516,sat,0.4663887023925781,sat,0.46990275382995605,sat,0.4445624351501465
ACASXU_run2a_3_5_batch_2000_converted,prop_2,random,stable,26,sat,0.4600658416748047,sat,0.4362070560455322,sat,0.4554440975189209,sat,0.4547998905181885,sat,0.4419529438018799,sat,0.46803951263427734,sat,0.502310037612915,sat,0.4617483615875244,sat,0.4249744415283203,sat,0.45278310775756836,sat,0.4384644031524658
ACASXU_run2a_3_6_batch_2000_converted,prop_2,random,stable,25,sat,0.46701884269714355,sat,0.4758589267730713,sat,0.47972702980041504,sat,0.468381404876709,sat,0.46442723274230957,sat,0.4780158996582031,sat,0.49712634086608887,sat,0.48722076416015625,sat,0.4826805591583252,sat,0.47574806213378906,sat,0.48733019828796387
ACASXU_run2a_3_7_batch_2000_converted,prop_2,random,stable,13,sat,0.47181034088134766,sat,0.46907806396484375,sat,0.4898395538330078,sat,0.4907803535461426,sat,0.47898340225219727,sat,0.46715760231018066,sat,0.492276668548584,sat,0.5099971294403076,sat,0.479017972946167,sat,0.4927206039428711,sat,0.46755409240722656
ACASXU_run2a_3_8_batch_2000_converted,prop_2,random,stable,17,sat,0.4657578468322754,sat,0.49206113815307617,sat,0.49752259254455566,sat,0.48096466064453125,sat,0.46290016174316406,sat,0.4875907897949219,sat,0.4651494026184082,sat,0.5130789279937744,sat,0.4752786159515381,sat,0.47649121284484863,sat,0.4872729778289795
ACASXU_run2a_3_9_batch_2000_converted,prop_2,random,stable,14,sat,0.4404323101043701,sat,0.47002077102661133,sat,0.44043922424316406,sat,0.44765615463256836,sat,0.4643545150756836,sat,0.43944334983825684,sat,0.4493410587310791,sat,0.45680880546569824,sat,0.43536972999572754,sat,0.43569016456604004,sat,0.4438018798828125
ACASXU_run2a_4_1_batch_2000_converted,prop_2,random,stable,29,sat,0.49289751052856445,sat,0.4773983955383301,sat,0.46978330612182617,sat,0.4906899929046631,sat,0.49700427055358887,sat,0.47504591941833496,sat,0.48879122734069824,sat,0.4899783134460449,sat,0.4875612258911133,sat,0.4882535934448242,sat,0.5049641132354736
ACASXU_run2a_4_2_batch_2000_converted,prop_2,random,stable,26,unsat,54.292771100997925,unsat,60.41226601600647,unsat,61.209569454193115,unsat,61.46444129943848,unsat,61.23336148262024,unsat,61.66854476928711,unsat,61.52115726470947,unsat,61.566545724868774,unsat,61.20167136192322,unsat,61.27539038658142,unsat,61.051337480545044
ACASXU_run2a_4_3_batch_2000_converted,prop_2,random,stable,26,sat,0.4557030200958252,sat,0.46138834953308105,sat,0.44434595108032227,sat,0.447481632232666,sat,0.4444093704223633,sat,0.4479188919067383,sat,0.44165897369384766,sat,0.45464301109313965,sat,0.44262027740478516,sat,0.4586019515991211,sat,0.4919872283935547
ACASXU_run2a_4_4_batch_2000_converted,prop_2,random,stable,30,sat,0.4842798709869385,sat,0.46929192543029785,sat,0.4766397476196289,sat,0.4699289798736572,sat,0.4842398166656494,sat,0.5027525424957275,sat,0.47975969314575195,sat,0.4673161506652832,sat,0.4804246425628662,sat,0.462491512298584,sat,0.47193288803100586
ACASXU_run2a_4_5_batch_2000_converted,prop_2,random,stable,25,sat,0.4618556499481201,sat,0.4343883991241455,sat,0.45302557945251465,sat,0.4711778163909912,sat,0.45421814918518066,sat,0.46129822731018066,sat,0.45017528533935547,sat,0.44925785064697266,sat,0.4572911262512207,sat,0.45528340339660645,sat,0.4481785297393799
ACASXU_run2a_4_6_batch_2000_converted,prop_2,random,stable,17,sat,0.4787909984588623,sat,0.45104002952575684,sat,0.43716883659362793,sat,0.43883490562438965,sat,0.45039844512939453,sat,0.44742536544799805,sat,0.4544377326965332,sat,0.4616076946258545,sat,0.43860626220703125,sat,0.4315779209136963,sat,0.45253539085388184
ACASXU_run2a_4_7_batch_2000_converted,prop_2,random,stable,17,sat,0.43311595916748047,sat,0.45461535453796387,sat,0.43761682510375977,sat,0.4803178310394287,sat,0.444244384765625,sat,0.44199085235595703,sat,0.4370083808898926,sat,0.44046902656555176,sat,0.45975208282470703,sat,0.4698057174682617,sat,0.4473397731781006
ACASXU_run2a_4_8_batch_2000_converted,prop_2,random,stable,16,sat,0.45258092880249023,sat,0.43595194816589355,sat,0.44718313217163086,sat,0.4535534381866455,sat,0.44277071952819824,sat,0.4719550609588623,sat,0.4340193271636963,sat,0.4456503391265869,sat,0.4713435173034668,sat,0.4676964282989502,sat,0.4688243865966797
ACASXU_run2a_4_9_batch_2000_converted,prop_2,random,stable,11,sat,0.480241060256958,sat,0.4806556701660156,sat,0.4860405921936035,sat,0.4835646152496338,sat,0.5025773048400879,sat,0.4879934787750244,sat,0.4646892547607422,sat,0.4834249019622803,sat,0.46664977073669434,sat,0.468639612197876,sat,0.48053574562072754
ACASXU_run2a_5_1_batch_2000_converted,prop_2,random,stable,32,sat,0.4396364688873291,sat,0.4441530704498291,sat,0.45524048805236816,sat,0.44161367416381836,sat,0.45317959785461426,sat,0.45628952980041504,sat,0.44283556938171387,sat,0.4845428466796875,sat,0.46355462074279785,sat,0.46608424186706543,sat,0.47340917587280273
ACASXU_run2a_5_2_batch_2000_converted,prop_2,random,stable,33,sat,0.4613046646118164,sat,0.4684724807739258,sat,0.4625585079193115,sat,0.4821605682373047,sat,0.45290040969848633,sat,0.4512639045715332,sat,0.43764734268188477,sat,0.4594278335571289,sat,0.44764041900634766,sat,0.4684436321258545,sat,0.43474721908569336
ACASXU_run2a_5_3_batch_2000_converted,prop_2,random,stable,SKIPPED,timeout,120,-1,-1,-1,-1,-1,-1,-1,-1,-1,-1,-1,-1,-1,-1,-1,-1,-1,-1,-1,-1
ACASXU_run2a_5_4_batch_2000_converted,prop_2,random,stable,33,sat,0.4574906826019287,sat,0.4594583511352539,sat,0.47113704681396484,sat,0.4488389492034912,sat,0.46222710609436035,sat,0.45853734016418457,sat,0.473984956741333,sat,0.4652888774871826,sat,0.4473996162414551,sat,0.4918079376220703,sat,0.4459683895111084
ACASXU_run2a_5_5_batch_2000_converted,prop_2,random,stable,25,sat,0.42824220657348633,sat,0.44516515731811523,sat,0.47974228858947754,sat,0.43782711029052734,sat,0.46599340438842773,sat,0.44425177574157715,sat,0.4678924083709717,sat,0.4321746826171875,sat,0.46723437309265137,sat,0.45320916175842285,sat,0.4424433708190918
ACASXU_run2a_5_6_batch_2000_converted,prop_2,random,stable,14,sat,0.4611690044403076,sat,0.4678773880004883,sat,0.4546029567718506,sat,0.43233680725097656,sat,0.49176955223083496,sat,0.4562032222747803,sat,0.4590616226196289,sat,0.4750699996948242,sat,0.4651970863342285,sat,0.4949033260345459,sat,0.4407217502593994
ACASXU_run2a_5_7_batch_2000_converted,prop_2,random,stable,12,sat,0.4378366470336914,sat,0.47583866119384766,sat,0.47426295280456543,sat,0.43569135665893555,sat,0.46166324615478516,sat,0.4419419765472412,sat,0.44820570945739746,sat,0.44177770614624023,sat,0.46076297760009766,sat,0.46901440620422363,sat,0.45117902755737305
ACASXU_run2a_5_8_batch_2000_converted,prop_2,random,stable,16,sat,0.46008920669555664,sat,0.4318504333496094,sat,0.4778721332550049,sat,0.45241713523864746,sat,0.4633498191833496,sat,0.448993444442749,sat,0.4480769634246826,sat,0.47365713119506836,sat,0.46842312812805176,sat,0.47300219535827637,sat,0.46392130851745605
ACASXU_run2a_5_9_batch_2000_converted,prop_2,random,stable,15,sat,0.4573547840118408,sat,0.4816591739654541,sat,0.44858241081237793,sat,0.43268680572509766,sat,0.45537734031677246,sat,0.46484804153442383,sat,0.45349979400634766,sat,0.45059871673583984,sat,0.43718528747558594,sat,0.4656071662902832,sat,0.4622020721435547
ACASXU_run2a_1_1_batch_2000_converted,prop_3,random,stable,41,unsat,9.901204109191895,unsat,13.592231035232544,unsat,13.452530860900879,unsat,13.49723505973816,unsat,13.511708974838257,unsat,13.537396907806396,unsat,13.591321468353271,unsat,13.301966905593872,unsat,13.377935886383057,unsat,13.380457401275635,unsat,13.272210836410522
ACASXU_run2a_1_2_batch_2000_converted,prop_3,random,stable,42,unsat,2.2478816509246826,unsat,2.5505311489105225,unsat,2.578962564468384,unsat,2.5665078163146973,unsat,2.5757126808166504,unsat,2.5585083961486816,unsat,2.5113415718078613,unsat,2.5690486431121826,unsat,2.5716018676757812,unsat,2.5676517486572266,unsat,2.4990620613098145
ACASXU_run2a_1_3_batch_2000_converted,prop_3,random,stable,46,unsat,2.811715602874756,unsat,3.4341673851013184,unsat,3.421154260635376,unsat,3.419145345687866,unsat,3.4109787940979004,unsat,3.425236463546753,unsat,3.4164905548095703,unsat,3.4327681064605713,unsat,3.4139349460601807,unsat,3.419606924057007,unsat,3.436988353729248
ACASXU_run2a_1_4_batch_2000_converted,prop_3,random,stable,42,unsat,1.7885525226593018,unsat,2.15671968460083,unsat,2.187500476837158,unsat,2.163212299346924,unsat,2.076127529144287,unsat,2.1411397457122803,unsat,2.123887300491333,unsat,2.1264123916625977,unsat,2.1448428630828857,unsat,2.1194515228271484,unsat,2.165389060974121
ACASXU_run2a_1_5_batch_2000_converted,prop_3,random,stable,45,unsat,1.695662021636963,unsat,2.0700910091400146,unsat,2.0895943641662598,unsat,2.075772762298584,unsat,2.0164284706115723,unsat,2.065009355545044,unsat,2.061464309692383,unsat,2.072657823562622,unsat,2.053151845932007,unsat,2.0610547065734863,unsat,2.0431900024414062
ACASXU_run2a_1_6_batch_2000_converted,prop_3,random,stable,46,unsat,1.4406781196594238,unsat,1.9334995746612549,unsat,1.932939052581787,unsat,1.9487459659576416,unsat,1.9417724609375,unsat,1.9178318977355957,unsat,1.929163932800293,unsat,1.8743185997009277,unsat,1.9393212795257568,unsat,1.939194679260254,unsat,1.8773183822631836
ACASXU_run2a_1_7_batch_2000_converted,prop_3,random,stable,42,sat,0.4431033134460449,sat,0.45272183418273926,sat,0.43722057342529297,sat,0.4460134506225586,sat,0.4529380798339844,sat,0.44049882888793945,sat,0.45583152770996094,sat,0.4439384937286377,sat,0.46810078620910645,sat,0.46080613136291504,sat,0.44931793212890625
ACASXU_run2a_1_8_batch_2000_converted,prop_3,random,stable,43,sat,0.46450090408325195,sat,0.4630289077758789,sat,0.45945167541503906,sat,0.4982893466949463,sat,0.46287035942077637,sat,0.456331729888916,sat,0.45908403396606445,sat,0.46329355239868164,sat,0.47095441818237305,sat,0.4578745365142822,sat,0.45456504821777344
ACASXU_run2a_1_9_batch_2000_converted,prop_3,random,stable,45,sat,0.4519195556640625,sat,0.4479386806488037,sat,0.4570748805999756,sat,0.45340538024902344,sat,0.45943522453308105,sat,0.46187567710876465,sat,0.4516875743865967,sat,0.45217227935791016,sat,0.4388000965118408,sat,0.44673657417297363,sat,0.4497241973876953
ACASXU_run2a_2_1_batch_2000_converted,prop_3,random,stable,45,unsat,2.3384511470794678,unsat,2.5373363494873047,unsat,2.571319103240967,unsat,2.5342044830322266,unsat,2.564758062362671,unsat,2.5438437461853027,unsat,2.5209383964538574,unsat,2.5814361572265625,unsat,2.5682075023651123,unsat,2.540790319442749,unsat,2.5671982765197754
ACASXU_run2a_2_2_batch_2000_converted,prop_3,random,stable,47,unsat,2.1958587169647217,unsat,2.593618631362915,unsat,2.4693901538848877,unsat,2.5771420001983643,unsat,2.5947203636169434,unsat,2.569730758666992,unsat,2.573910713195801,unsat,2.5734739303588867,unsat,2.550325632095337,unsat,2.5644288063049316,unsat,2.5543081760406494
ACASXU_run2a_2_3_batch_2000_converted,prop_3,random,stable,44,unsat,2.163456916809082,unsat,2.304621934890747,unsat,2.34203839302063,unsat,2.3691165447235107,unsat,2.3628299236297607,unsat,2.3750102519989014,unsat,2.36757755279541,unsat,2.389591693878174,unsat,2.3644301891326904,unsat,2.375417709350586,unsat,2.3593807220458984
ACASXU_run2a_2_4_batch_2000_converted,prop_3,random,stable,45,unsat,1.4093976020812988,unsat,1.9622752666473389,unsat,1.9313647747039795,unsat,1.9239859580993652,unsat,1.9352672100067139,unsat,1.9385428428649902,unsat,1.9400835037231445,unsat,1.937204360961914,unsat,1.929779052734375,unsat,1.9555416107177734,unsat,1.9146478176116943
ACASXU_run2a_2_5_batch_2000_converted,prop_3,random,stable,43,unsat,1.8027031421661377,unsat,2.1369757652282715,unsat,2.1111457347869873,unsat,2.1526925563812256,unsat,2.043736696243286,unsat,2.1184825897216797,unsat,2.1120035648345947,unsat,2.139539957046509,unsat,2.114875316619873,unsat,2.1029908657073975,unsat,2.053499221801758
ACASXU_run2a_2_6_batch_2000_converted,prop_3,random,stable,44,unsat,1.445667028427124,unsat,1.927609920501709,unsat,1.930821418762207,unsat,1.975696086883545,unsat,1.9246289730072021,unsat,1.938821792602539,unsat,1.9488544464111328,unsat,1.932286024093628,unsat,1.9408960342407227,unsat,1.8761656284332275,unsat,1.9440016746520996
ACASXU_run2a_2_7_batch_2000_converted,prop_3,random,stable,45,unsat,1.4696011543273926,unsat,1.9445054531097412,unsat,1.934635877609253,unsat,1.9163413047790527,unsat,1.9299445152282715,unsat,1.9201548099517822,unsat,1.9333178997039795,unsat,1.9381499290466309,unsat,1.9526515007019043,unsat,1.9405252933502197,unsat,1.9830760955810547
ACASXU_run2a_2_8_batch_2000_converted,prop_3,random,stable,45,unsat,1.4237465858459473,unsat,1.8780996799468994,unsat,1.9223487377166748,unsat,1.8790431022644043,unsat,1.9338700771331787,unsat,1.9542512893676758,unsat,1.938556432723999,unsat,1.9354348182678223,unsat,1.9421923160552979,unsat,1.9765424728393555,unsat,1.9513154029846191
ACASXU_run2a_2_9_batch_2000_converted,prop_3,random,stable,44,unsat,1.4271762371063232,unsat,1.8225469589233398,unsat,1.825448989868164,unsat,1.8416783809661865,unsat,1.8605897426605225,unsat,1.8559927940368652,unsat,1.8268084526062012,unsat,1.8184092044830322,unsat,1.8317077159881592,unsat,1.81423020362854,unsat,1.84382963180542
ACASXU_run2a_3_1_batch_2000_converted,prop_3,random,stable,46,unsat,1.8036530017852783,unsat,2.154470205307007,unsat,2.158132791519165,unsat,2.1303067207336426,unsat,2.1445813179016113,unsat,2.1333470344543457,unsat,2.157600164413452,unsat,2.14394211769104,unsat,2.0931620597839355,unsat,2.1595616340637207,unsat,2.089141607284546
ACASXU_run2a_3_2_batch_2000_converted,prop_3,random,stable,46,unsat,1.9034130573272705,unsat,2.371471405029297,unsat,2.3778722286224365,unsat,2.3636605739593506,unsat,2.3936893939971924,unsat,2.397559642791748,unsat,2.3422458171844482,unsat,2.365046977996826,unsat,2.3792197704315186,unsat,2.3650450706481934,unsat,2.382782220840454
ACASXU_run2a_3_3_batch_2000_converted,prop_3,random,stable,45,unsat,1.7716243267059326,unsat,2.2259559631347656,unsat,2.1955676078796387,unsat,2.2153842449188232,unsat,2.194054365158081,unsat,2.135277271270752,unsat,2.228689432144165,unsat,2.2017157077789307,unsat,2.2096235752105713,unsat,2.2102789878845215,unsat,2.226550817489624
ACASXU_run2a_3_4_batch_2000_converted,prop_3,random,stable,41,unsat,2.042064905166626,unsat,2.173809766769409,unsat,2.15256404876709,unsat,2.1926193237304688,unsat,2.151346206665039,unsat,2.154171943664551,unsat,2.144026756286621,unsat,2.173715353012085,unsat,2.1628854274749756,unsat,2.1491434574127197,unsat,2.188284158706665
ACASXU_run2a_3_5_batch_2000_converted,prop_3,random,stable,47,unsat,1.6882948875427246,unsat,1.9993922710418701,unsat,1.9870915412902832,unsat,1.9997832775115967,unsat,2.017204523086548,unsat,2.006193161010742,unsat,2.004439353942871,unsat,1.9912300109863281,unsat,1.9862284660339355,unsat,1.998152494430542,unsat,2.005664587020874
ACASXU_run2a_3_6_batch_2000_converted,prop_3,random,stable,45,unsat,1.8325965404510498,unsat,2.2005767822265625,unsat,2.1942827701568604,unsat,2.1519851684570312,unsat,2.163569927215576,unsat,2.158968925476074,unsat,2.190695285797119,unsat,2.156770706176758,unsat,2.165187120437622,unsat,2.176240921020508,unsat,2.181217670440674
ACASXU_run2a_3_7_batch_2000_converted,prop_3,random,stable,46,unsat,1.4255986213684082,unsat,1.919809341430664,unsat,1.9259705543518066,unsat,1.9425625801086426,unsat,1.9204907417297363,unsat,1.8575115203857422,unsat,1.915140151977539,unsat,1.8571856021881104,unsat,1.9317517280578613,unsat,1.9393267631530762,unsat,1.9255256652832031
ACASXU_run2a_3_8_batch_2000_converted,prop_3,random,stable,45,unsat,1.7158138751983643,unsat,2.0577151775360107,unsat,2.0413835048675537,unsat,2.043468952178955,unsat,2.046579122543335,unsat,2.0468409061431885,unsat,2.044447660446167,unsat,2.0372023582458496,unsat,1.9959702491760254,unsat,2.0524020195007324,unsat,2.0485596656799316
ACASXU_run2a_3_9_batch_2000_converted,prop_3,random,stable,45,unsat,1.717221736907959,unsat,2.0363121032714844,unsat,2.1090776920318604,unsat,2.1046743392944336,unsat,2.0866377353668213,unsat,2.09920597076416,unsat,2.084498167037964,unsat,2.1081316471099854,unsat,2.0934031009674072,unsat,2.106355667114258,unsat,2.0524520874023438
ACASXU_run2a_4_1_batch_2000_converted,prop_3,random,stable,45,unsat,2.190194606781006,unsat,2.6698338985443115,unsat,2.6525702476501465,unsat,2.5956242084503174,unsat,2.655350923538208,unsat,2.6468257904052734,unsat,2.6703548431396484,unsat,2.674426317214966,unsat,2.6487667560577393,unsat,2.662674903869629,unsat,2.6572039127349854
ACASXU_run2a_4_2_batch_2000_converted,prop_3,random,stable,43,unsat,2.240579605102539,unsat,2.4563069343566895,unsat,2.45585560798645,unsat,2.4973552227020264,unsat,2.4617466926574707,unsat,2.479980707168579,unsat,2.4259443283081055,unsat,2.449629306793213,unsat,2.462307929992676,unsat,2.4688940048217773,unsat,2.4618031978607178
ACASXU_run2a_4_3_batch_2000_converted,prop_3,random,stable,45,unsat,2.4375498294830322,unsat,2.555112600326538,unsat,2.558598518371582,unsat,2.5622615814208984,unsat,2.5614254474639893,unsat,2.5625884532928467,unsat,2.509996175765991,unsat,2.5658271312713623,unsat,2.5625765323638916,unsat,2.5701804161071777,unsat,2.5628132820129395
ACASXU_run2a_4_4_batch_2000_converted,prop_3,random,stable,45,unsat,1.7764203548431396,unsat,1.9696314334869385,unsat,1.9809696674346924,unsat,1.9647507667541504,unsat,2.0112974643707275,unsat,1.9859375953674316,unsat,1.9044442176818848,unsat,1.9804871082305908,unsat,1.9495205879211426,unsat,1.9913032054901123,unsat,2.0213475227355957
ACASXU_run2a_4_5_batch_2000_converted,prop_3,random,stable,47,unsat,1.5232219696044922,unsat,1.9233298301696777,unsat,1.9576070308685303,unsat,1.9668478965759277,unsat,1.9259862899780273,unsat,1.8878624439239502,unsat,1.947180986404419,unsat,1.9365432262420654,unsat,1.9464311599731445,unsat,1.9458389282226562,unsat,1.9315309524536133
ACASXU_run2a_4_6_batch_2000_converted,prop_3,random,stable,42,unsat,1.753129005432129,unsat,2.1328125,unsat,2.164226531982422,unsat,2.1292715072631836,unsat,2.1371138095855713,unsat,2.1425843238830566,unsat,2.1534321308135986,unsat,2.1313600540161133,unsat,2.152183771133423,unsat,2.142305612564087,unsat,2.0757088661193848
ACASXU_run2a_4_7_batch_2000_converted,prop_3,random,stable,44,unsat,1.7725310325622559,unsat,2.0859620571136475,unsat,2.0946929454803467,unsat,2.145144462585449,unsat,2.082284927368164,unsat,2.133383274078369,unsat,2.1089601516723633,unsat,2.1036553382873535,unsat,2.1021649837493896,unsat,2.0989246368408203,unsat,2.1097114086151123
ACASXU_run2a_4_8_batch_2000_converted,prop_3,random,stable,46,unsat,1.4253182411193848,unsat,1.9964470863342285,unsat,1.9838831424713135,unsat,1.9956939220428467,unsat,1.9708318710327148,unsat,1.987870216369629,unsat,1.9837098121643066,unsat,1.9885997772216797,unsat,2.010024070739746,unsat,1.9873402118682861,unsat,1.9840223789215088
ACASXU_run2a_4_9_batch_2000_converted,prop_3,random,stable,45,unsat,2.0274388790130615,unsat,2.1003222465515137,unsat,2.0684268474578857,unsat,2.028719902038574,unsat,2.1058759689331055,unsat,2.1052541732788086,unsat,2.092089891433716,unsat,2.0831713676452637,unsat,2.095144510269165,unsat,2.098940849304199,unsat,2.125977039337158
ACASXU_run2a_5_1_batch_2000_converted,prop_3,random,stable,44,unsat,2.4325034618377686,unsat,2.570333480834961,unsat,2.494311809539795,unsat,2.565953254699707,unsat,2.556155204772949,unsat,2.5646538734436035,unsat,2.541454792022705,unsat,2.5865345001220703,unsat,2.501410722732544,unsat,2.547868013381958,unsat,2.545447826385498
ACASXU_run2a_5_2_batch_2000_converted,prop_3,random,stable,46,unsat,2.138946294784546,unsat,2.4710745811462402,unsat,2.454624891281128,unsat,2.4568943977355957,unsat,2.4388630390167236,unsat,2.4190311431884766,unsat,2.3978357315063477,unsat,2.478695869445801,unsat,2.4126169681549072,unsat,2.4290931224823,unsat,2.4437155723571777
ACASXU_run2a_5_3_batch_2000_converted,prop_3,random,stable,47,unsat,1.8101789951324463,unsat,2.1660923957824707,unsat,2.15727162361145,unsat,2.1525158882141113,unsat,2.1615593433380127,unsat,2.1648037433624268,unsat,2.1628475189208984,unsat,2.1690807342529297,unsat,2.1504898071289062,unsat,2.1695878505706787,unsat,2.1703712940216064
ACASXU_run2a_5_4_batch_2000_converted,prop_3,random,stable,47,unsat,1.7761869430541992,unsat,2.101958751678467,unsat,2.1067113876342773,unsat,2.070646047592163,unsat,2.1107094287872314,unsat,2.0879249572753906,unsat,2.0817136764526367,unsat,2.079399824142456,unsat,2.0677905082702637,unsat,2.0734097957611084,unsat,2.0854885578155518
ACASXU_run2a_5_5_batch_2000_converted,prop_3,random,stable,47,unsat,1.8120436668395996,unsat,2.160459041595459,unsat,2.1502535343170166,unsat,2.181560754776001,unsat,2.1719868183135986,unsat,2.080632209777832,unsat,2.172218084335327,unsat,2.128950595855713,unsat,2.1603055000305176,unsat,2.058924674987793,unsat,2.1635892391204834
ACASXU_run2a_5_6_batch_2000_converted,prop_3,random,stable,45,unsat,1.670130968093872,unsat,1.9703803062438965,unsat,1.997023105621338,unsat,1.9791102409362793,unsat,1.9810481071472168,unsat,1.9929804801940918,unsat,1.982818365097046,unsat,1.9275329113006592,unsat,1.9777910709381104,unsat,1.9856302738189697,unsat,1.9629552364349365
ACASXU_run2a_5_7_batch_2000_converted,prop_3,random,stable,47,unsat,1.533371925354004,unsat,1.9368584156036377,unsat,1.9419820308685303,unsat,1.947439193725586,unsat,1.9193897247314453,unsat,1.934584379196167,unsat,1.9464566707611084,unsat,1.9560399055480957,unsat,1.9362499713897705,unsat,1.9181413650512695,unsat,1.946805477142334
ACASXU_run2a_5_8_batch_2000_converted,prop_3,random,stable,44,unsat,1.7063469886779785,unsat,2.0055482387542725,unsat,1.9987304210662842,unsat,1.993725061416626,unsat,1.9821739196777344,unsat,2.0237228870391846,unsat,2.0120089054107666,unsat,2.0038113594055176,unsat,1.9885971546173096,unsat,1.9921989440917969,unsat,2.00667142868042
ACASXU_run2a_5_9_batch_2000_converted,prop_3,random,stable,45,unsat,1.805938959121704,unsat,1.9920828342437744,unsat,1.9929287433624268,unsat,1.9884188175201416,unsat,2.008371353149414,unsat,2.0106077194213867,unsat,1.9845185279846191,unsat,2.001682996749878,unsat,2.0094573497772217,unsat,1.9848618507385254,unsat,2.0147180557250977
ACASXU_run2a_1_1_batch_2000_converted,prop_4,random,stable,44,unsat,2.993176221847534,unsat,4.02808141708374,unsat,4.029550552368164,unsat,4.01669454574585,unsat,4.0069262981414795,unsat,4.005078315734863,unsat,4.047580003738403,unsat,4.016467571258545,unsat,4.0075037479400635,unsat,4.023947238922119,unsat,4.035334825515747
ACASXU_run2a_1_2_batch_2000_converted,prop_4,random,stable,42,unsat,2.4210431575775146,unsat,2.952174425125122,unsat,2.911013603210449,unsat,2.923186779022217,unsat,2.939215898513794,unsat,2.927462577819824,unsat,2.951631546020508,unsat,2.939923048019409,unsat,2.9351274967193604,unsat,2.902881622314453,unsat,2.9251341819763184
ACASXU_run2a_1_3_batch_2000_converted,prop_4,random,stable,49,unsat,2.1376121044158936,unsat,2.6624391078948975,unsat,2.6545417308807373,unsat,2.6627588272094727,unsat,2.678168773651123,unsat,2.669541835784912,unsat,2.6838371753692627,unsat,2.6498098373413086,unsat,2.6407406330108643,unsat,2.6954922676086426,unsat,2.6763155460357666
ACASXU_run2a_1_4_batch_2000_converted,prop_4,random,stable,47,unsat,1.8478729724884033,unsat,2.199742317199707,unsat,2.2180240154266357,unsat,2.189785957336426,unsat,2.197150230407715,unsat,2.206235408782959,unsat,2.2158443927764893,unsat,2.1887505054473877,unsat,2.188918113708496,unsat,2.1870920658111572,unsat,2.1855993270874023
ACASXU_run2a_1_5_batch_2000_converted,prop_4,random,stable,47,unsat,1.7446808815002441,unsat,2.0986437797546387,unsat,2.0917556285858154,unsat,2.1350951194763184,unsat,2.0894594192504883,unsat,2.0928337574005127,unsat,2.0696160793304443,unsat,2.1339797973632812,unsat,2.0982117652893066,unsat,2.1040313243865967,unsat,2.0916335582733154
ACASXU_run2a_1_6_batch_2000_converted,prop_4,random,stable,44,unsat,1.7029829025268555,unsat,2.058472156524658,unsat,2.0462327003479004,unsat,2.0418434143066406,unsat,2.078955888748169,unsat,2.043978691101074,unsat,2.0477182865142822,unsat,2.0409443378448486,unsat,2.031336545944214,unsat,1.984947919845581,unsat,2.0612406730651855
ACASXU_run2a_1_7_batch_2000_converted,prop_4,random,stable,46,sat,0.4441711902618408,sat,0.46816182136535645,sat,0.47356200218200684,sat,0.45438456535339355,sat,0.46480464935302734,sat,0.4477100372314453,sat,0.471799373626709,sat,0.4536921977996826,sat,0.45014119148254395,sat,0.4777693748474121,sat,0.45757198333740234
ACASXU_run2a_1_8_batch_2000_converted,prop_4,random,stable,44,sat,0.46254920959472656,sat,0.4519937038421631,sat,0.4318239688873291,sat,0.4426398277282715,sat,0.47873663902282715,sat,0.4690663814544678,sat,0.43476438522338867,sat,0.43570542335510254,sat,0.45821309089660645,sat,0.4538247585296631,sat,0.47846293449401855
ACASXU_run2a_1_9_batch_2000_converted,prop_4,random,stable,50,sat,0.45163464546203613,sat,0.4613614082336426,sat,0.47014379501342773,sat,0.42882752418518066,sat,0.44478392601013184,sat,0.46299290657043457,sat,0.45400428771972656,sat,0.4495735168457031,sat,0.4786183834075928,sat,0.4598045349121094,sat,0.4538600444793701
ACASXU_run2a_2_1_batch_2000_converted,prop_4,random,stable,48,unsat,1.727729082107544,unsat,2.2043545246124268,unsat,2.235661268234253,unsat,2.2300162315368652,unsat,2.19970965385437,unsat,2.222999334335327,unsat,2.2225852012634277,unsat,2.190581798553467,unsat,2.2279725074768066,unsat,2.1990513801574707,unsat,2.224825382232666
ACASXU_run2a_2_2_batch_2000_converted,prop_4,random,stable,44,unsat,1.8083598613739014,unsat,2.0957252979278564,unsat,2.0480055809020996,unsat,2.0593249797821045,unsat,2.049525737762451,unsat,2.050804853439331,unsat,2.0536696910858154,unsat,2.0447685718536377,unsat,2.052124261856079,unsat,2.0627968311309814,unsat,2.061765670776367
ACASXU_run2a_2_3_batch_2000_converted,prop_4,random,stable,46,unsat,1.6894690990447998,unsat,2.0135228633880615,unsat,1.993170976638794,unsat,1.9963512420654297,unsat,1.98773193359375,unsat,1.942232608795166,unsat,1.9960246086120605,unsat,2.004567861557007,unsat,1.9836559295654297,unsat,1.995558500289917,unsat,1.9726190567016602
ACASXU_run2a_2_4_batch_2000_converted,prop_4,random,stable,43,unsat,1.7905163764953613,unsat,2.0773632526397705,unsat,2.117933750152588,unsat,2.1019344329833984,unsat,2.093374013900757,unsat,2.0866143703460693,unsat,2.092963933944702,unsat,2.0765206813812256,unsat,2.0810043811798096,unsat,2.089622735977173,unsat,2.1213972568511963
ACASXU_run2a_2_5_batch_2000_converted,prop_4,random,stable,45,unsat,1.8031775951385498,unsat,2.1948843002319336,unsat,2.218065023422241,unsat,2.2802295684814453,unsat,2.257441520690918,unsat,2.2444045543670654,unsat,2.2687344551086426,unsat,2.274733066558838,unsat,2.2648208141326904,unsat,2.2503855228424072,unsat,2.257845878601074
ACASXU_run2a_2_6_batch_2000_converted,prop_4,random,stable,45,unsat,1.7965378761291504,unsat,2.1166586875915527,unsat,2.021092653274536,unsat,2.1038835048675537,unsat,2.0944225788116455,unsat,2.0929644107818604,unsat,2.1304991245269775,unsat,2.08737850189209,unsat,2.0857937335968018,unsat,2.0927555561065674,unsat,2.078507423400879
ACASXU_run2a_2_7_batch_2000_converted,prop_4,random,stable,44,unsat,1.7897891998291016,unsat,1.9494271278381348,unsat,1.8995122909545898,unsat,1.9472057819366455,unsat,1.9427285194396973,unsat,1.9263381958007812,unsat,1.938690423965454,unsat,1.933035135269165,unsat,1.9441721439361572,unsat,1.9324531555175781,unsat,1.8510444164276123
ACASXU_run2a_2_8_batch_2000_converted,prop_4,random,stable,38,unsat,2.041755437850952,unsat,2.101637601852417,unsat,2.089400053024292,unsat,2.0884997844696045,unsat,2.0786185264587402,unsat,2.1133675575256348,unsat,2.1370463371276855,unsat,2.0876357555389404,unsat,2.1073343753814697,unsat,2.093651533126831,unsat,2.0433006286621094
ACASXU_run2a_2_9_batch_2000_converted,prop_4,random,stable,40,unsat,1.4516103267669678,unsat,1.9251987934112549,unsat,1.930903673171997,unsat,1.9203805923461914,unsat,1.9503898620605469,unsat,1.9434359073638916,unsat,1.938408613204956,unsat,1.851719617843628,unsat,1.9134881496429443,unsat,1.9392166137695312,unsat,1.9127449989318848
ACASXU_run2a_3_1_batch_2000_converted,prop_4,random,stable,44,unsat,1.7893421649932861,unsat,2.186962366104126,unsat,2.0995819568634033,unsat,2.1549479961395264,unsat,2.153454303741455,unsat,2.131645917892456,unsat,2.128995180130005,unsat,2.1655025482177734,unsat,2.1308822631835938,unsat,2.1412501335144043,unsat,2.128762722015381
ACASXU_run2a_3_2_batch_2000_converted,prop_4,random,stable,47,unsat,1.8170413970947266,unsat,2.1623220443725586,unsat,2.1646947860717773,unsat,2.1378822326660156,unsat,2.154315710067749,unsat,2.1910200119018555,unsat,2.1379895210266113,unsat,2.1553218364715576,unsat,2.1551764011383057,unsat,2.142479181289673,unsat,2.1656737327575684
ACASXU_run2a_3_3_batch_2000_converted,prop_4,random,stable,49,unsat,1.5354011058807373,unsat,2.090806484222412,unsat,2.1138598918914795,unsat,2.080317974090576,unsat,2.0842342376708984,unsat,2.1166017055511475,unsat,2.069430112838745,unsat,2.0592687129974365,unsat,2.1021294593811035,unsat,2.0829241275787354,unsat,2.0656545162200928
ACASXU_run2a_3_4_batch_2000_converted,prop_4,random,stable,45,unsat,1.6895160675048828,unsat,2.0964479446411133,unsat,2.092482805252075,unsat,2.083935022354126,unsat,2.0832009315490723,unsat,2.1328892707824707,unsat,2.0905020236968994,unsat,2.0965168476104736,unsat,2.083310604095459,unsat,2.1216306686401367,unsat,2.0950510501861572
ACASXU_run2a_3_5_batch_2000_converted,prop_4,random,stable,46,unsat,1.798187255859375,unsat,2.141334295272827,unsat,2.1558189392089844,unsat,2.152369260787964,unsat,2.0875167846679688,unsat,2.133653163909912,unsat,2.0628607273101807,unsat,2.1386210918426514,unsat,2.1469500064849854,unsat,2.1455495357513428,unsat,2.094945192337036
ACASXU_run2a_3_6_batch_2000_converted,prop_4,random,stable,42,unsat,2.0446102619171143,unsat,2.1076629161834717,unsat,2.093675374984741,unsat,2.1004745960235596,unsat,2.089752674102783,unsat,2.09417724609375,unsat,2.1050379276275635,unsat,2.099442481994629,unsat,2.1017422676086426,unsat,2.079784870147705,unsat,2.103624105453491
ACASXU_run2a_3_7_batch_2000_converted,prop_4,random,stable,42,unsat,1.824812412261963,unsat,1.9337565898895264,unsat,1.9447407722473145,unsat,1.935305118560791,unsat,1.9166605472564697,unsat,1.9140934944152832,unsat,1.9198248386383057,unsat,1.9303348064422607,unsat,1.8780207633972168,unsat,1.9211843013763428,unsat,1.9348318576812744
ACASXU_run2a_3_8_batch_2000_converted,prop_4,random,stable,43,unsat,1.8371357917785645,unsat,2.125620126724243,unsat,2.161972999572754,unsat,2.203988790512085,unsat,2.1650586128234863,unsat,2.1565675735473633,unsat,2.1695199012756348,unsat,2.134077310562134,unsat,2.138629674911499,unsat,2.1425602436065674,unsat,2.16182804107666
ACASXU_run2a_3_9_batch_2000_converted,prop_4,random,stable,40,unsat,1.7883944511413574,unsat,2.0153024196624756,unsat,2.020630359649658,unsat,2.0076558589935303,unsat,2.001513719558716,unsat,1.9927442073822021,unsat,2.0101981163024902,unsat,1.997237205505371,unsat,2.023761034011841,unsat,1.998741626739502,unsat,2.0134623050689697
ACASXU_run2a_4_1_batch_2000_converted,prop_4,random,stable,46,unsat,1.420508623123169,unsat,2.067674160003662,unsat,2.0649185180664062,unsat,2.057826280593872,unsat,2.063616991043091,unsat,2.077324151992798,unsat,2.0907247066497803,unsat,2.0625195503234863,unsat,2.07814621925354,unsat,2.098015069961548,unsat,2.0783510208129883
ACASXU_run2a_4_2_batch_2000_converted,prop_4,random,stable,45,unsat,2.0115532875061035,unsat,2.1200482845306396,unsat,2.0839195251464844,unsat,2.124436140060425,unsat,2.102576732635498,unsat,2.1022017002105713,unsat,2.0938291549682617,unsat,2.1097848415374756,unsat,2.102376937866211,unsat,2.1113553047180176,unsat,2.1288599967956543
ACASXU_run2a_4_3_batch_2000_converted,prop_4,random,stable,43,unsat,1.8064062595367432,unsat,2.0898377895355225,unsat,2.0905792713165283,unsat,2.0891237258911133,unsat,2.013218402862549,unsat,2.07702374458313,unsat,2.09324049949646,unsat,2.0714259147644043,unsat,2.084228992462158,unsat,2.122793674468994,unsat,2.088552474975586
ACASXU_run2a_4_4_batch_2000_converted,prop_4,random,stable,44,unsat,1.8211915493011475,unsat,2.1461849212646484,unsat,2.1884498596191406,unsat,2.1392414569854736,unsat,2.202136754989624,unsat,2.140934705734253,unsat,2.146494150161743,unsat,2.134981155395508,unsat,2.132601022720337,unsat,2.169677972793579,unsat,2.144313097000122
ACASXU_run2a_4_5_batch_2000_converted,prop_4,random,stable,44,unsat,1.7711846828460693,unsat,2.0219385623931885,unsat,2.043076992034912,unsat,2.0351450443267822,unsat,2.0560073852539062,unsat,2.029679775238037,unsat,2.0385146141052246,unsat,2.04076886177063,unsat,2.0253610610961914,unsat,2.0275135040283203,unsat,2.037677526473999
ACASXU_run2a_4_6_batch_2000_converted,prop_4,random,stable,44,unsat,1.794933557510376,unsat,2.0281929969787598,unsat,2.020021438598633,unsat,2.0374643802642822,unsat,2.021440029144287,unsat,2.0681636333465576,unsat,2.0466973781585693,unsat,2.023519992828369,unsat,2.0503482818603516,unsat,2.059882164001465,unsat,2.0325541496276855
ACASXU_run2a_4_7_batch_2000_converted,prop_4,random,stable,46,unsat,1.6951143741607666,unsat,2.001405715942383,unsat,2.0035972595214844,unsat,1.999128818511963,unsat,2.021808624267578,unsat,2.0166585445404053,unsat,1.9942574501037598,unsat,1.9823276996612549,unsat,2.002296209335327,unsat,2.0147197246551514,unsat,1.9775469303131104
ACASXU_run2a_4_8_batch_2000_converted,prop_4,random,stable,43,unsat,1.7803165912628174,unsat,2.1022534370422363,unsat,2.086311101913452,unsat,2.1058483123779297,unsat,2.142430067062378,unsat,2.1069798469543457,unsat,2.073967218399048,unsat,2.0832953453063965,unsat,2.0899908542633057,unsat,2.073373794555664,unsat,2.104297399520874
ACASXU_run2a_4_9_batch_2000_converted,prop_4,random,stable,42,unsat,1.7830159664154053,unsat,1.9779822826385498,unsat,1.978743076324463,unsat,1.9817793369293213,unsat,1.9825685024261475,unsat,1.9315941333770752,unsat,1.998366355895996,unsat,1.9919204711914062,unsat,2.026888847351074,unsat,1.9979794025421143,unsat,1.994570255279541
ACASXU_run2a_5_1_batch_2000_converted,prop_4,random,stable,45,unsat,1.8067522048950195,unsat,2.089190721511841,unsat,2.0747714042663574,unsat,2.0900187492370605,unsat,2.099137306213379,unsat,2.0370006561279297,unsat,2.099151611328125,unsat,2.0838396549224854,unsat,2.093780279159546,unsat,2.066157102584839,unsat,2.077556610107422
ACASXU_run2a_5_2_batch_2000_converted,prop_4,random,stable,47,unsat,1.7923498153686523,unsat,1.9973628520965576,unsat,1.9782264232635498,unsat,1.976365566253662,unsat,1.9826686382293701,unsat,1.9864599704742432,unsat,1.9694552421569824,unsat,1.9585504531860352,unsat,1.9805660247802734,unsat,2.0009284019470215,unsat,1.9847280979156494
ACASXU_run2a_5_3_batch_2000_converted,prop_4,random,stable,45,unsat,1.7952358722686768,unsat,2.0929434299468994,unsat,2.072882652282715,unsat,2.085780143737793,unsat,2.0470268726348877,unsat,2.1022040843963623,unsat,2.129788398742676,unsat,2.102989673614502,unsat,2.100893020629883,unsat,2.112955093383789,unsat,2.1074025630950928
ACASXU_run2a_5_4_batch_2000_converted,prop_4,random,stable,47,unsat,1.6986865997314453,unsat,2.0059914588928223,unsat,1.9865424633026123,unsat,1.9225678443908691,unsat,1.9884564876556396,unsat,2.00413179397583,unsat,1.992417812347412,unsat,2.0081446170806885,unsat,1.9799597263336182,unsat,1.9376261234283447,unsat,1.9183933734893799
ACASXU_run2a_5_5_batch_2000_converted,prop_4,random,stable,44,unsat,1.8483028411865234,unsat,2.031193256378174,unsat,2.0659284591674805,unsat,2.1037731170654297,unsat,2.0821096897125244,unsat,2.076216459274292,unsat,2.0800018310546875,unsat,2.111090898513794,unsat,2.0829153060913086,unsat,2.0874838829040527,unsat,2.1148369312286377
ACASXU_run2a_5_6_batch_2000_converted,prop_4,random,stable,42,unsat,1.4419031143188477,unsat,2.1784491539001465,unsat,2.20176100730896,unsat,2.179657220840454,unsat,2.1923584938049316,unsat,2.1906864643096924,unsat,2.1632630825042725,unsat,2.181852102279663,unsat,2.172337055206299,unsat,2.1750752925872803,unsat,2.171360492706299
ACASXU_run2a_5_7_batch_2000_converted,prop_4,random,stable,46,unsat,1.5508718490600586,unsat,1.9493365287780762,unsat,1.9272897243499756,unsat,1.9228734970092773,unsat,1.880859613418579,unsat,1.9370293617248535,unsat,1.927757978439331,unsat,1.9423768520355225,unsat,1.9282054901123047,unsat,1.918837070465088,unsat,1.9385135173797607
ACASXU_run2a_5_8_batch_2000_converted,prop_4,random,stable,40,unsat,1.7890026569366455,unsat,2.0017571449279785,unsat,2.0136940479278564,unsat,1.9772820472717285,unsat,1.9879255294799805,unsat,1.9922850131988525,unsat,1.997279167175293,unsat,1.9951426982879639,unsat,1.984039068222046,unsat,1.9900681972503662,unsat,1.9898502826690674
ACASXU_run2a_5_9_batch_2000_converted,prop_4,random,stable,42,unsat,1.6986925601959229,unsat,1.945375919342041,unsat,1.9438529014587402,unsat,1.926121473312378,unsat,1.9469852447509766,unsat,1.9532794952392578,unsat,1.940326452255249,unsat,1.9285826683044434,unsat,1.9472582340240479,unsat,1.9255473613739014,unsat,1.9541265964508057
ACASXU_run2a_1_1_batch_2000_converted,prop_5,random,stable,38,unsat,15.503474235534668,unsat,18.490015506744385,unsat,18.44292187690735,unsat,18.504230737686157,unsat,18.457431316375732,unsat,18.50377869606018,unsat,18.562254667282104,unsat,18.55240511894226,unsat,18.512054681777954,unsat,18.591883182525635,unsat,18.57685160636902
ACASXU_run2a_1_1_batch_2000_converted,prop_6,random,stable,24,unsat,11.156614542007446,unsat,12.93041729927063,unsat,12.945865392684937,unsat,12.974860191345215,unsat,12.93804383277893,unsat,12.937087774276733,unsat,12.99605917930603,unsat,12.943151235580444,unsat,12.999404430389404,unsat,12.988907814025879,unsat,12.95541763305664
ACASXU_run2a_1_9_batch_2000_converted,prop_7,random,stable,2,sat,0.8025882244110107,sat,0.793524980545044,sat,0.7805023193359375,sat,0.7804601192474365,sat,0.7619602680206299,sat,0.7556571960449219,sat,0.7697062492370605,sat,0.7585537433624268,sat,0.7664144039154053,sat,0.7728762626647949,sat,0.7873566150665283
ACASXU_run2a_2_9_batch_2000_converted,prop_8,random,stable,26,sat,0.4929075241088867,sat,0.5166332721710205,sat,0.49721765518188477,sat,0.4893817901611328,sat,0.49197888374328613,sat,0.5105319023132324,sat,0.5020508766174316,sat,0.4864790439605713,sat,0.5114717483520508,sat,0.502415657043457,sat,0.4848933219909668
ACASXU_run2a_3_3_batch_2000_converted,prop_9,random,stable,41,unsat,5.498105525970459,unsat,6.129628658294678,unsat,6.133710145950317,unsat,6.124271631240845,unsat,6.112086534500122,unsat,6.088314771652222,unsat,6.1008384227752686,unsat,6.069566249847412,unsat,6.0835065841674805,unsat,6.1214540004730225,unsat,6.134407997131348
ACASXU_run2a_4_5_batch_2000_converted,prop_10,random,stable,42,unsat,4.832013845443726,unsat,5.342379808425903,unsat,5.35356593132019,unsat,5.350849866867065,unsat,5.342191934585571,unsat,5.301806688308716,unsat,5.309422254562378,unsat,5.304135799407959,unsat,5.360795259475708,unsat,5.339589834213257,unsat,5.340744256973267
